Country Name,Country Code,Indicator Name,Indicator Code,1960,1961,1962,1963,1964,1965,1966,1967,1968,1969,1970,1971,1972,1973,1974,1975,1976,1977,1978,1979,1980,1981,1982,1983,1984,1985,1986,1987,1988,1989,1990,1991,1992,1993,1994,1995,1996,1997,1998,1999,2000,2001,2002,2003,2004,2005,2006,2007,2008,2009,2010,2011,2012,2013,2014,2015,2016,2017,2018,2019,2020,2021,2022
Africa Eastern and Southern,AFE,GDP (current US$),NY.GDP.MKTP.CD,18478095142.1781,19366314294.0882,20506467177.8699,22242734491.041,24294329779.9037,26619560806.5041,28732792825.1557,31592963095.0751,34216506003.7724,38498685902.3199,41938907715.5921,45920167032.339,49440744172.3381,64933825429.4262,79888146173.0089,84955085378.7871,85050300129.2175,94566922081.6133,105623414443.521,125656371097.882,166475050971.984,173673510912.351,164114068718.601,175108664048.273,162752141155.352,135795509169.566,153368683414.31,186594742538.673,205635932770.809,218577418670.295,254673510115.591,275622021261.09,240210577721.912,238353057845.691,241158029890.41,270813961389.262,268992901985.369,284065411886.655,267286689939.3,263674195227.713,285403765401.254,260218617002.669,267142068310.105,354907412306.554,441359590323.394,514927086452.789,578633287253.354,664099392606.403,711800460143.432,723512528253.909,867040920627.224,971667511047.106,979996860991.406,986342932619.106,1006992481353.94,932513471557.123,890051427265.996,1028394291260.59,1012521425296.35,1006191000190.48,928880235176.594,1086530704900.5,1185137703650.99
Africa Western and Central,AFW,GDP (current US$),NY.GDP.MKTP.CD,10411646287.3058,11135924727.9409,11951712282.0428,12685805889.8937,13848998668.6184,14874755833.5382,15845575303.2224,14428492961.8549,14880501861.1181,16882284662.3657,23504960311.9234,20843326170.6302,25269456358.5288,31841146881.8575,44215328355.8688,51445309626.4799,62129985410.0664,65316034540.7121,71200526845.3747,88629333635.7157,112032331232.328,211005911802.917,187165406370.026,138116898441.305,114263904328.182,116508527443.662,107507001440.375,110281682790.499,108944735237.174,101770140749.657,121803568895.987,127939039832.689,122575953686.486,127980941949.696,133143476720.137,205687093879.591,261262106172.312,274376968923.496,294949797405.741,137292485423.693,140132777859.081,147524718751.249,176588559103.843,204455023741.489,253453654650.339,310070743908.926,396077046021.055,465627259599.126,567853448132.047,508492534468.294,598607469639.526,682176065823.115,737739503299.735,834097010134.991,894505003403.491,769263195356.949,692114931613.254,685630289666.515,768158194632.397,823405580187.913,786962436538.391,844927536437.833,875393693658.084
Angola,AGO,GDP (current US$),NY.GDP.MKTP.CD,,,,,,,,,,,,,,,,,,,,,5934073603.67893,5553824463.8796,5553824463.8796,5787823808.69565,6135166254.1806,7558613008.02675,7076793822.74247,8089279284.61538,8775116269.23077,10207922517.0569,11236275842.8094,10401188707.2808,8307826847.39834,6084688935.80032,4438321017.39068,5538749259.94714,6535434716.00224,7675412600.66513,6506381416.53236,6152922942.24539,9129594815.57661,8936079251.42093,15285592486.2532,17812704627.0282,23552057820.4599,36970901023.7893,52381025102.321,65266415706.9741,88538664884.265,70307196474.1272,83799473759.7201,111789747670.59,128052915202.989,132339108708.408,135966802156.542,90496420626.179,52761617225.9253,73690155046.555,79450688232.0011,70897962712.6213,48501561230.001,66505129989.243,106782770714.619
Burundi,BDI,GDP (current US$),NY.GDP.MKTP.CD,195999990,202999992,213500006,232749998,260750008,158994962.962963,165444571.428571,178297142.857143,183200000,190205714.285714,242732571.428571,252842285.714286,246804571.428571,304339839.552146,345263492.063492,420986666.666667,448412753.623188,547535555.555556,610225555.555556,782496666.666667,919726666.666667,969046666.666667,1013222222.22222,1082926304.46477,987143931.166987,1149979285.77347,1201725497.06578,1131466494.01101,1082403219.48787,1113924130.41149,1132101252.51817,1167398478.3459,1083037670.60484,938632612.026359,925030590.153683,1000428393.88528,869033856.317093,972896267.915425,893770740.207416,808077223.365746,870486065.883137,876794723.068586,825394519.423728,784654423.620476,915257323.3961,1117113079.73645,1273375078.44844,1356199387.42308,1611835857.04588,1781455139.85931,2032135192.01248,2235820809.32006,2333341334.45753,2451606632.29246,2705783329.80483,3104003546.26497,2644487776.50077,2723586962.84034,2667182199.51333,2576518879.82353,2649680261.43998,2775798697.47186,3338722827.66241
Benin,BEN,GDP (current US$),NY.GDP.MKTP.CD,226195578.434497,235668220.508202,236434954.038578,253927697.25805,269819005.87814,289908680.426395,302925235.151997,306221953.104911,326323105.26476,330748244.539574,333627713.494438,335073027.54117,410331856.991218,504376074.185709,554654860.702577,676870140.341529,698408261.922237,750049778.84069,928843469.431727,1186231019.82044,1405251846.54048,1291120188.43104,1267778670.35902,1095348199.43911,1051134008.78979,1045712789.14884,1336102025.27763,1562412227.90058,1620246083.79478,1502294416.17129,1959965330.14765,1986437796.53053,1695315305.70308,2274558082.76135,1598075943.86774,2169627137.9207,2361116449.39308,2268301646.46707,2455092686.34712,3677393998.74486,3519991440.47913,3666222635.13875,4194342686.2178,5349258094.48239,6190270380.49856,6567654954.38903,7034111314.88812,8169048382.83875,9787734526.23965,9738626517.00319,9535345015.78355,10693321363.6574,11141358115.8991,12517845123.9315,13284527846.9081,11388160997.1089,11821065852.1271,12701655845.9612,14262408079.7014,14390708756.988,15686741893.5187,17687623534.6665,17396792699.5489
Burkina Faso,BFA,GDP (current US$),NY.GDP.MKTP.CD,330442815.821186,350247234.260712,379567099.249422,394040667.106335,410321644.964911,422916789.7483,433889766.239436,450753923.548048,460442689.376378,478298645.39382,458404268.761971,482411179.121178,578595521.990135,674773569.877548,751133430.449301,939972703.463021,976547188.054778,1131224878.18865,1475583644.93614,1748480620.52397,1928719888.20688,1775842333.57042,1754450096.23721,1600278605.25465,1459880132.14107,1552493196.28424,2036303357.68113,2369834949.73234,2616040478.99309,2615587733.97303,3101300778.56414,3135045584.08387,3356692505.18266,3199536465.23328,1895290637.09504,2379517975.28056,2586550595.41013,2447669101.95178,2804902367.14687,3389566712.66037,2968370087.59759,3190371080.94768,3622350062.96053,4740768142.67494,5451688537.60959,6146353173.34929,6547419820.38113,7625722836.76847,9451435490.11467,9450696873.34326,10109619740.6994,12080295977.5632,12561015156.5683,13444300485.8412,13943016076.7436,11832159315.6298,12833363045.3367,14106955615.3442,15890066221.2882,16032813501.6639,17725010530.7894,19642668879.7694,18820064797.8379
Botswana,BWA,GDP (current US$),NY.GDP.MKTP.CD,30411413.6552828,32902612.8664855,35644956.6430429,38091842.8546863,41616347.7906865,45788696.3343915,51465655.3921083,58642354.089673,66248441.4182466,77361546.5067537,96243233.6609837,127448613.505061,164460914.977201,244124164.042218,306044207.530203,355168571.536751,372025093.006273,451624780.274597,590407374.447116,819870258.783053,1060889703.75374,1073812830.30052,1014945695.71927,1172230396.58099,1240822167.43571,1114783342.71539,1392602163.53829,1965226890.04557,2644554158.72794,3083822112.02023,3790636324.44775,3942876703.45184,4146464586.61674,4160129174.70569,4259259604.15623,4730599121.92704,4847757217.75815,5020265626.66489,4790481509.17679,5484263346.88105,5788329609.15755,5489608299.66445,5438863982.88692,7511582173.37724,8957467706.5354,9918907108.09702,9919158482.41085,10567270655.5027,10730829116.4105,10118459242.3183,12637273429.1339,15110643612.1729,13907464500.1489,14271738933.2042,15470088500.7414,13530748844.505,15082636722.902,16105156375.533,17031943186.1353,16725908666.8462,14960291541.176,18737066311.1597,20355541962.8512
Central African Republic,CAF,GDP (current US$),NY.GDP.MKTP.CD,112155598.492157,123134583.463559,124482773.83306,129379123.76305,142025078.735754,150574795.409863,157930018.091087,163820513.562432,191767441.604577,188039210.130379,189106529.207011,201450799.82635,230317883.36443,271183082.043062,281398705.570596,378660016.265936,451152461.31276,507298147.526539,610578631.992983,700764747.756462,797048198.534875,694803622.898966,748312390.756606,658679332.681331,637820670.299604,864849836.286193,1122265013.42004,1200991977.80801,1264899287.51261,1233930280.91724,1440711459.16967,1377374986.58709,1411917553.12436,1278781261.55928,851174356.781737,1115389673.69197,1007791127.09913,937741513.015352,967338389.650578,999477510.686632,916777282.691659,932648604.751954,996068144.884889,1142315522.53864,1272360517.32373,1337894378.73743,1461859762.33459,1699811294.94935,1993407888.49838,2067381665.25454,2142591540.40068,2437982705.12093,2510126512.22831,1691544110.18543,1894813389.40325,1695825714.19282,1825018144.65595,2072349972.6818,2220979146.11241,2221301351.43918,2326720900.38047,2516498412.46384,2382618615.01694
Central Europe and the Baltics,CEB,GDP (current US$),NY.GDP.MKTP.CD,,,,,,,,,,,,,,,,,,,,,,,,,,,,,,,255342985523.694,242589999851.319,260007192125.902,274155699209.854,310993103188.365,393418186744.059,416195415174.039,410169356182.417,448894516201.305,435065154081.647,428597869265.835,468614929760.097,528073644706.221,634392755114.964,763090521706.343,886071992246.426,1001637168216.98,1265564800459.09,1530711739102.62,1289846065408.44,1316531033893.12,1454696041345.17,1358996129796.77,1417459171481.04,1463675951157.07,1293469512790.95,1316594480887.55,1461306924995.73,1648634467771.53,1674210532695.96,1665327992740.77,1908002281033.51,1944160092868.98
Cote d'Ivoire,CIV,GDP (current US$),NY.GDP.MKTP.CD,546203558.456965,618245635.134801,645284474.559229,761047198.973677,921063326.292797,919771228.036518,1024102881.90257,1082922725.79069,1281281277.98148,1361360291.5873,1455482795.26555,1584128511.27902,1849400398.25228,2508421425.57669,3070152313.83854,3893839184.06847,4662053819.62908,6265068200.43055,7900526290.12877,9142933955.51749,10175617589.1232,8432589956.34896,7567110855.85391,6838184772.07869,6841639250.21886,6977650648.47401,9158302111.36131,10087654451.341,10255169812.0186,9757410629.74456,10795850584.5874,10492628587.8153,11152971284.4722,11045760268.6163,8313557515.23869,11000146268.7173,18071152821.0721,18047558026.8813,19619654769.9792,18870992455.568,16577533891.1783,16810537037.873,18054383333.8602,21251754334.2005,23510575668.4394,24036918719.1307,25281413268.2105,28760090924.4659,34078240260.4002,33886813225.705,34936307964.5293,36693710823.1998,36302302845.3012,42760235497.5958,48843005625.5796,45815005170.815,48407761031.9226,52512344033.7688,58522477744.5444,59898479821.2323,62982768371.6208,71811075955.078,70018715016.8293
Cameroon,CMR,GDP (current US$),NY.GDP.MKTP.CD,614206068.497266,652777608.320492,694247864.3789,718320845.044338,776650176.904453,814083265.511426,851112534.552636,936175260.030919,1046191217.79942,1100551488.62689,1151216992.88095,1236941394.11447,1498251889.66287,1901393361.02282,2157415532.54796,2857037371.05886,2898090001.8562,3394664024.05503,4662852583.13256,5919002982.602,6674569046.6832,6610938616.6643,6611255963.83584,6870200009.90065,7311938026.36713,8544810497.9889,11857056199.0765,13049659981.1373,12236057362.4917,11012566195.0255,12314482627.8454,11840192296.3893,12071775335.0433,16181814712.5295,8902446252.18372,10864772470.9043,11093538846.4483,10789458432.6416,11298144990.4104,11565826464.8921,10566579294.9831,10953485349.1135,12417251332.5885,15970315034.9903,18826214135.6419,19509852206.9341,20910512974.933,23928250433.0378,27715142032.913,27932970317.129,27507501821.0296,30630910495.217,30155062329.2821,33728621180.3231,36386544706.0806,32210233020.4569,33814337044.3765,36098547033.1655,39973842087.2242,39670976452.5283,40773241177.0505,44993521774.066,43644068310.851
"Congo, Dem. Rep.",COD,GDP (current US$),NY.GDP.MKTP.CD,,,,,,,,,,,,,,,,,,,,,,,,,9461033354,5979350228,8042983396.5,7175016484.75,9207333740.83333,8822051647.69231,9329305477.5,,8850000000,10768000000,5820475672.05427,5643416613.28208,5771456952.1908,6090838693.27145,6217805820.77104,4711259427.27273,19088046305.7971,7438189100.33333,8728038525.14034,8937567059.87754,10297483481.223,11964484465.9388,14451901696.3878,16737071816.38,19788515590.1284,18648372553.0921,21565721044.8462,25839749199.3671,29306235285.2597,32679745048.4427,35909040925.9375,37917706497.1793,37134801555.3322,38019264794.8263,47568210009.8172,51775829877.2088,48716961860.1325,55328482783.5393,64718641221.216
"Congo, Rep.",COG,GDP (current US$),NY.GDP.MKTP.CD,131731862.783017,151675738.926342,166521239.650243,172233430.657858,185693724.905233,198318064.028924,220613581.972601,237397428.13501,251247457.765525,265040036.417215,274960699.885255,322128018.955444,410669263.651798,541973362.610423,585364634.473977,767102680.239967,754549601.391492,765224029.286556,878771772.202149,1198749667.42923,1705796852.89473,1993512322.62391,2160640564.56041,2097274289.75066,2193581365.34299,2160872540.03175,1849268212.30284,2297753652.34929,2212536311.99319,2389593025.60339,2798746050.11354,2724853505.80336,2933222703.0334,2684323623.14372,1769365437.78801,2116003867.75536,2540697539.05773,2322719102.6909,1949481379.21951,2354772960.28296,3227927697.57921,2796704604.03812,3034250923.97726,3503723087.74483,4656974940.12721,6650001680.48544,8072305029.06514,8782703436.70188,11649857673.4436,9723299915.25312,13148396211.5955,15655383576.6515,17692911296.3044,17958720699.0868,17919224179.5609,12434829581.0287,10931247264.8116,11834406800.8818,14773806078.1348,13976661497.841,11468608530.2038,14825708810.7046,15816996654.5788
Comoros,COM,GDP (current US$),NY.GDP.MKTP.CD,,,,,,,,,,,,,,,,,,,,,212218261.585643,196349931.540286,184009013.562815,191621954.855332,184697225.637076,196726096.329131,279197721.807577,337525852.647575,356500032.676316,341476768.326033,429622177.724885,424108769.502231,457388651.500941,452881475.071813,319189184.255639,398461797.009413,396053805.891754,364445600.525492,370106745.930146,382454989.945311,351136579.648632,378512024.077556,425964681.044378,546885222.713065,633706110.795614,653845169.168576,698431793.872776,795673153.183373,915659107.761613,905341173.9738,907978731.702123,1023086272.69622,1015843491.24635,1116224107.17116,1149587659.74502,966029599.801228,1012835492.51575,1077439756.12221,1188797449.96029,1195019531.03664,1225039195.93742,1296089479.45831,1242519407.27815
Cabo Verde,CPV,GDP (current US$),NY.GDP.MKTP.CD,,,,,,,,,,,,,,,,,,,,,142246815.345007,139468209.116206,140630678.983478,138476175.620363,132019038.591628,137728204.813735,190651167.559385,235253064.70982,264308140.285149,267448571.414611,306890962.649533,319827058.592875,357160985.327413,490417389.682569,406580652.330537,487148993.533109,501979269.843942,490608657.924976,521910560.524868,592416703.058878,539227277.626411,563090490.377368,620507387.466174,813260468.873834,924940011.836897,972241676.907662,1107571457.90614,1649621738.63689,1959620648.31578,1852334575.17521,1824751467.92957,2046817987.20109,1913081210.41411,2028910915.16446,2041930125.42979,1749857620.35329,1849789985.99572,1996741539.95088,2205099506.99994,2252177124.32402,1821565613.68613,1997866378.77119,2226862134.08787
Djibouti,DJI,GDP (current US$),NY.GDP.MKTP.CD,,,,,,,,,,,,,,,,,,,,,,,,,,340989527.967995,,373371738.286415,395794538.630775,409220087.102818,452328087.282876,462421998.525779,478058304.871118,466048469.22986,491689220.744875,497723960.589913,494004647.73437,502675542.001227,514267869.300758,536080148.097299,551230861.856505,572417440.820162,591122039.601398,622044665.515049,666072101.777505,708633194.726566,768873684.032838,847918929.107984,999105339.267729,1049110684.72493,1128611700.3618,1239144501.77525,1353632941.5207,2042817162.85639,2214679081.25658,2424391785.43897,2604955228.70117,2762581334.22612,2913466732.12507,3088853638.56832,3185150981.03207,3385825228.86997,3515108859.95465
Algeria,DZA,GDP (current US$),NY.GDP.MKTP.CD,2723615451.30098,2434747055.94018,2001444543.91885,2702982017.63803,2909316435.2874,3136284306.85469,3039859187.45164,3370870376.29682,3852147026.77302,4257253264.08834,4863526896.57407,5077183093.88968,6766743956.88889,8707858912.12481,13209871625.9044,15557902754.033,17728240932.3158,20972113684.9558,26364491313.4471,33243706859.6596,42345829079.2062,44348590460.9288,45207167470.3497,48801369800.3675,53698548293.0745,57937868670.1937,63692007897.3834,66745818375.493,59089396860.4342,55634721572.7343,62048507531.3357,45715676428.2766,48003133346.9957,49945584452.6506,42543176828.9237,41764291671.7711,46941554225.3581,48177612042.1507,48187781984.4881,48640671734.9711,54790398570.3282,54744697926.068,56760355865.0082,67863850333.9526,85332581188.6107,103198212442.69,117027280155.386,134977082623.78,171000699876.747,137211003661.699,161207307027.185,200013098817.25,209059080929.499,209755003250.664,213809979836.314,165979224866.131,160034212126.018,170096988531.906,174910684781.571,171760275466.61,145743542982.628,163472387986.768,194998449769.085
"Egypt, Arab Rep.",EGY,GDP (current US$),NY.GDP.MKTP.CD,,,,,,4948667540.41066,5278005611.91453,5605484298.98275,5932242990.65421,6524455205.81114,8042200452.1477,8609283346.08518,9299638055.84281,10098534613.4411,9228963224.60004,11632178868.9171,13315988083.4161,14400806875.9867,14811704063.0685,18020571428.5714,21669908176.3889,22136081081.0811,27655172413.7931,30966239813.7369,33971188991.6147,39053502251.0732,41253507951.3564,40455616653.5742,34980124929.0176,39756299049.9793,42978914311.3504,37387836490.5284,41855986519.4235,46578631452.581,51897983392.6453,60159245060.4541,67629716981.1321,78436578171.0914,84828807556.0803,90710704806.8416,99838543960.0763,96684636118.5984,85146067415.7303,80288461538.4615,78782467532.4675,89600665557.4043,107426086956.522,130437828371.278,162818181818.182,189147005444.646,218983666061.706,235989672977.625,279116666666.667,288434108527.132,305595408895.265,329366576819.407,332441717791.411,248362771739.13,262588632526.73,318678815489.749,383817841547.099,424671765455.704,476747720364.742
Eritrea,ERI,GDP (current US$),NY.GDP.MKTP.CD,,,,,,,,,,,,,,,,,,,,,,,,,,,,,,,,,477101651.648376,467872714.755603,531688311.688312,578015625,693535954.190067,686490090.140141,745523074.701951,688918508.950846,706370815.584416,752371683.221534,729321671.428501,870248293.699204,1109054005.43971,1098424709.46293,1211161879.6748,1317974491.05691,1380188800,1856695551.21951,1589515447.15447,2065001626.01626,,,,,,,,,,,
Ethiopia,ETH,GDP (current US$),NY.GDP.MKTP.CD,,,,,,,,,,,,,,,,,,,,,,7324903188.4058,7707678019.32367,8567890821.25604,8096302367.14976,9480840483.09179,9848600869.56522,10527338647.343,10908935748.7923,11476584879.2271,12175166763.285,13463868357.4879,10492993077.6093,8830712713.90781,6927950564.55657,7663984567.90123,8547939730.62374,8589233860.17722,7818205592.92428,7700833482.00615,8242349617.8638,8231326016.47494,7850809498.16803,8623691300.04079,10131187261.4421,12401139453.9738,15280861834.6024,19707616772.7996,27066912635.2228,32437389116.038,29933790334.3418,31952763089.33,43310721414.0829,47648276605.0123,55612228233.5179,64589328550.5953,74296745207.8721,81770886825.6048,84269196625.8784,95912607722.3032,107657734392.446,111261882958.426,126783471597.671
Gabon,GAB,GDP (current US$),NY.GDP.MKTP.CD,141468977.799846,167637907.122782,182796536.266025,154480244.055222,215679855.342091,226474285.779063,245849781.273234,271543680.048895,294468564.245272,318124701.478771,323802475.512425,381687072.622379,430508358.514204,722780701.295854,1544216001.66059,2157592940.04234,3009409974.26856,2809349069.22118,2389479271.66616,3030251120.09759,4279637942.25144,3862269120.53497,3618007841.13503,3391275731.53751,3561451560.50783,3339914757.22872,3403638189.20049,3281797043.04996,3834503376.02992,4186411463.85975,5952293764.84777,5402919784.57004,5592390827.39854,4378645081.01769,4190819344.22255,4958845648.04778,5694040002.89863,5326817114.53586,4483417309.83011,4662992036.2073,5080483628.53013,5023265413.2623,5335451099.88223,6511903365.47554,7770219008.21293,9582783990.85345,10327598306.4575,12455409587.3371,15571348344.3379,12113699068.2517,14372593020.2885,18210307743.5816,17170464016.0593,17595744798.3398,18203966895.8433,14383107762.6952,14023890265.3665,14929487485.1623,16867326401.9626,16874405465.391,15314577154.8076,20217946922.4528,21071739224.8918
Ghana,GHA,GDP (current US$),NY.GDP.MKTP.CD,1223943661.97183,1309859154.92958,1390140845.07042,1549295774.64789,1740845070.42254,2064788732.39437,2138028169.01408,1748837209.30233,1666666666.66667,1961764705.88235,2214705882.35294,2427184466.01942,2116541353.38346,3018103448.27586,2894409937.8882,2810106382.97872,2765254237.28814,3189428571.42857,3662478184.99127,4020227920.22792,4445228215.76763,4222441860.46512,4035994397.7591,4057275132.27513,4412279843.44423,4504306722.68908,5735677433.82683,5074829931.97279,5197765031.64557,5251858439.874,5889106573.46088,6603185267.79643,6416103925.83267,5968922939.37198,5446383726.77047,6464382807.67884,6932991739.37767,6891443192.24985,7482069162.42008,7718109982.26093,4982850662.20851,5314872854.4405,6166197847.85031,7632723555.66221,8881417906.71432,10744568381.4456,20885037596.6963,24827339138.4906,28679383241.0729,26048720005.5233,32197655566.5347,39336668080.559,41271701060.954,62824629066.0408,54783320576.8882,49406009811.9819,56164928691.0359,60405920071.5652,67298913752.0241,68337974418.3315,70043095503.6675,79524421861.2743,73766052451.5256
Guinea,GIN,GDP (current US$),NY.GDP.MKTP.CD,,,,,,,,,,,,,,,,,,,,,,,,,,,1995186720.74733,2041538039.57727,2384295816.52755,2432029298.17643,2666750819.15337,3015058206.91718,3284620423.06095,3279096492.96264,3383092768.69818,3693710532.91191,3868968367.42785,3783700461.64359,3588375621.82568,3461282460.79752,2995361111.48224,2829435908.64657,2950198723.60858,3446441784.82252,3635458213.65962,2937071740.68756,4220019242.72882,6281917649.94033,6964179187.85579,6716904516.97953,6853467832.49407,6785137215.55736,7638045226.04416,8376613880.84932,8778473643.31852,8794202394.29076,8595955600.36601,10324668271.1032,11857030367.2441,13442861496.4128,14177835841.3923,16091817842.1318,20999229260.4955
"Gambia, The",GMB,GDP (current US$),NY.GDP.MKTP.CD,,,,,,,44212081.3502297,46695006.9579374,41160065.8561054,45168072.2689156,52296083.6737339,55728663.222684,59160569.4804413,75187749.0961317,95796021.6888272,115179719.077633,112190829.470457,138093099.09774,171833086.019624,207112627.726094,241083090.303623,218767743.459101,216050552.301584,213448584.936945,177340880.086204,225726358.890914,185646986.824927,220626484.224811,266672211.934161,284120329.401023,317083695.477797,690311080.515018,714254256.122189,755040974.087322,746493951.900959,785999864.840299,848239446.21576,803633342.473706,840285264.631545,814724032.065735,782913871.80966,687410645.063943,578235309.327198,487038685.045496,961900651.423441,1027701067.55688,1054112487.74083,1279703047.0221,1561766955.73024,1450142508.57808,1543294926.87301,1409693596.93594,1415004738.26621,1375609453.43746,1229461721.40861,1378176608.93204,1484578885.97132,1504909462.69521,1670671327.81651,1813609692.49994,1812170891.19069,2038414968.60683,2187194563.48605
Guinea-Bissau,GNB,GDP (current US$),NY.GDP.MKTP.CD,,,,,,,,,,,78733594.8411852,78540057.1372471,87702828.5651641,89374237.2881356,98775328.9473684,108985740.155434,112386489.005677,114971207.205384,122666858.789625,118537875.133044,110653830.722704,154731969.69697,165523634.503718,163577538.326314,138478900.628609,143856253.127248,130225018.751151,173836362.010677,164458120.318029,213143016.446378,243961995.512687,257150374.069711,226313443.749086,236880821.656388,235620043.500927,253966922.278198,270419779.418107,268551010.941186,206457553.397101,224446663.800548,371095522.049969,392621389.507734,417806651.117672,477458577.163666,532062894.803123,587029096.028696,592365659.818537,696910784.011006,868154627.875233,830126428.788601,849878489.118426,1099818591.95479,989271155.135142,1046087367.45447,1054915581.35773,1048229633.00189,1179004911.26676,1350177012.24273,1504630233.68158,1439638410.99683,1431758231.68522,1638517606.89496,1633559092.08861
Equatorial Guinea,GNQ,GDP (current US$),NY.GDP.MKTP.CD,,,9122751.45318345,10840095.1283649,12712471.3960211,64748333.3333333,69110000,72317446.9327193,67514285.7142857,67225714.2857143,66331428.5714286,64946954.756798,65429198.238708,81203226.9138345,94159862.7073691,104295643.388437,103653049.93797,103987520.075827,,,50642880.7737503,36731422.8456914,44294647.733479,44442456.94764,50320914.4065688,62118569.9654481,76407395.8727542,93345859.52973,100534656.881732,88265974.861049,112119411.489965,110906028.536862,134707183.84662,136047906.245408,100807002.540195,141853360.867855,232463022.802961,442337870.69437,370687634.425712,621117885.668503,1045998496.43872,1461139022.02954,1806742742.27311,2484745935.09329,4410764338.66733,8217369092.65224,10086528698.8604,13071718758.7373,19749893536.3204,15027795173.2187,16314443436.2903,21357343668.9447,22388344143.9131,21948834283.7856,21765453081.9826,13185496881.4055,11240808846.6928,12200913887.6419,13097012124.2267,11364133546.2488,9893816016.147,12104994084.4108,12029633746.519
Kenya,KEN,GDP (current US$),NY.GDP.MKTP.CD,791265459.493816,792959472.816211,868111400.75544,926589349.36426,998759334.496266,997919320.832272,1164519674.19213,1232559506.9762,1353295458.68182,1458379416.64823,1603447358.62106,1778391288.64348,2107279157.08834,2509001324.34591,2969958812.01648,3259345083.26283,3474542391.69992,4494378764.32011,5303735110.55151,6234391113.46434,7265315820.20777,6854491705.88377,6431579356.95926,5979198313.76093,6191437070.18411,6135034213.78998,7239126568.14092,7970820369.2949,8355380879.12955,8283114514.17081,8572359038.16958,8151488783.19064,8209120763.04955,5751786642.55871,7148148564.04239,9046320255.40507,12045865396.1323,13115764358.2846,14093998843.7334,12896010459.3711,12705350097.8044,12986007425.8781,13147736898.5176,14904517649.8476,16095337093.8366,18737895512.7378,25825512284.2891,31958195182.2406,35895153327.8497,42347217912.9176,45405615063.7551,46869473150.61,56396704671.5777,61671440407.8387,68285796514.2896,70120446896.8359,74815144163.8931,82036510877.2599,92202979985.2863,100378436207.371,100657505750.545,109703658904.994,113420008178.793
Liberia,LBR,GDP (current US$),NY.GDP.MKTP.CD,,,,,,,,,,,,,,,,,,,,,,,,,,,,,,,,,,,,,,,,,874000000,906000000,927000000,748000000,897000000,949000000,1119000000,1373000000,1726000000,1768000000,1998000000,2398000000,2791614000,3177198100,3225652000,3227075700,3398419600,3390703400,3422754800,3319596500,3039982500,3509000000,4001046970
Libya,LBY,GDP (current US$),NY.GDP.MKTP.CD,,,,,,,,,,,,,,,,,,,,,,,,,,,,,,,28904164239.3038,31991785107.4578,33887005288.2892,30660029871.1833,28610532505.2321,25541383196.7184,27884630117.8887,30700890193.4192,27251275902.7007,35975878804.2949,38270983031.7,34112079628.7572,20481889763.7795,26265625000,33122307692.3077,47334697612.4308,60094248771.565,68032985519.1,86710739535.8756,60808538331.5875,75380800665.2029,48169243832.0503,92540964666.6463,75351117629.3591,57372352561.9874,48717506273.4399,49912085228.2887,67157451661.405,76686048497.4801,69254143966.8182,46808208746.0839,39798423941.0335,45752336035.9846
Lesotho,LSO,GDP (current US$),NY.GDP.MKTP.CD,34579986.1680055,35699985.7200057,41859983.2560067,47039981.1840075,51939979.2240083,54879978.0480088,56699977.3200091,59261976.2952095,61445975.4216098,65967973.6128106,68739972.504011,76480285.0044113,80913200.4292822,121188715.759865,150851316.52727,149558895.914581,147660036.915009,193315048.328762,266570066.642517,290134592.523007,431542536.663782,434188034.188034,348741683.673845,386699308.859169,333163670.280225,268629925.852805,318858422.989262,402768324.481971,470395800.600668,495409232.627579,596410263.743849,704325366.718393,831029861.704746,835582062.476169,878250945.280469,1001894000.27846,946112492.844847,998004258.715675,928460893.108965,912773681.050642,887291687.920796,825706961.238689,775777238.55814,1157825434.78971,1511236655.52047,1682343527.49221,1800092563.75462,1682131784.51365,1766902709.19935,1740894964.80511,2234754241.91918,2579409619.96722,2477702216.26888,2367112931.642,2441063054.05792,2359686724.53829,2131522791.45927,2306185472.14868,2556247291.99785,2361966946.29803,2067813018.99465,2348771013.21241,2236502124.16956
Morocco,MAR,GDP (current US$),NY.GDP.MKTP.CD,2037154741.93211,2025693539.55842,2379611124.61442,2657252578.30763,2798345298.57781,2948331090.46752,2876401297.10759,3046345314.38655,3271422332.61996,3651622668.95103,3956336244.11865,4356669034.34266,5074117544.77482,6242145880.08876,7675466449.35531,8984853005.08058,9584297284.28316,11049783871.8144,13236946233.5759,15911994817.3107,21728516153.0907,17788185478.944,17692276734.171,16251408127.5735,14824667954.3674,14991283215.7408,19462085540.2231,21765195948.189,25705296183.5037,26314313191.1826,30179954774.9899,32285573573.9185,33711069430.78,31655473663.8348,35604137422.5796,39030285468.3841,43161571527.6353,39147844526.0838,46497608724.9865,46266428648.1433,43017455401.8445,43831480207.6444,47077192187.6418,58029363354.2757,66114145451.0067,68852658068.6673,75883823300.8545,86947913286.728,101822906949.063,101154952240.881,100865329473.44,110080631332.375,106937392311.129,115739287305.08,119130841411.664,110413823841.592,111572947004.917,118540573367.844,127341147581.818,128920266409.458,121353645057.144,141817797083.468,130912558829.84
Moldova,MDA,GDP (current US$),NY.GDP.MKTP.CD,,,,,,,,,,,,,,,,,,,,,,,,,,,,,,,,,,,,1752979926.41489,1695122173.91304,1930081168.83117,1698717504.65549,1170782957.37443,1288429391.79951,1480673594.05602,1661818168.4226,1980907434.76826,2598249555.89984,2988342907.03096,3408255450.5509,4401173151.93767,6054824248.24221,5439434271.78807,6974982369.60155,8414352020.49442,8709138634.82921,9496717875.51932,9399833207.49341,7798692878.40136,7982450758.03213,9519053158.46404,11253727815.4762,11735774634.4239,11531967881.0624,13692230147.0588,14508333280.4233
Madagascar,MDG,GDP (current US$),NY.GDP.MKTP.CD,673081724.751168,699161944.558097,739286907.592778,759345863.732667,802482183.728778,833563472.9981,900264584.590829,956436932.101291,1031669637.39553,1056391055.59617,1111859570.88252,1199507631.07603,1341590690.41365,1653062335.00286,1917508190.04689,2283049215.35339,2181844178.5534,2358930406.0689,2669755115.10935,3463565853.81023,5201818347.79882,4759333998.36746,4784977325.95803,4686457031.2269,3905938480.86119,3802557894.8719,4347989788.09257,3212900555.8091,3189456965.0482,3175638332.64471,3931334875.01376,3254713056.02171,3714966678.33381,4063298919.2868,3522227092.22839,3838100903.74974,4931861038.70763,4262965419.74998,4401967632.73718,4277903780.29131,4629247203.84524,5438332601.90798,5351701663.40807,6372498889.66585,5064732626.29389,5859269752.61332,6395712490.94304,8524620889.57747,10725137723.6549,9616879409.43789,9982711338.07029,11551819617.874,11578975061.9479,12423555455.3853,12522957399.2281,11323020701.3017,11848613858.442,13176313593.5509,13760033282.2925,14104664678.5063,13051441203.9474,14554754116.5427,15297192798.9771
Maldives,MDV,GDP (current US$),NY.GDP.MKTP.CD,,,,,,,,,,,,,,,,,,,,,42463576.1589404,44781456.9536424,47911340.1834794,57829787.2340426,109503546.099291,127190757.959989,141882254.230178,141223029.383064,168514513.375071,189514434.244,215043969.849246,244396761.92334,284875809.039634,322417837.161971,356014932.136461,398988954.970263,450382327.952421,508223602.378929,540096397.621071,589239753.610875,624337145.284622,870031676.798793,897031250,1052121055.97237,1226829564.81545,1163362434.32768,1575200390.9349,1868383459.84347,2271646188.14474,2345294878.6681,2588176058.41146,2774350237.79742,2886163995.99666,3295009236.55661,3697353036.58648,4129505319.81871,4409942623.38674,4816426259.51373,5404344159.49959,5726094797.67486,3712604580.32081,5254366310.44801,6170638746.965
Mali,MLI,GDP (current US$),NY.GDP.MKTP.CD,,,,,,,,275494477.586098,343771972.993855,339913867.092785,359772315.102198,395218628.920694,486617280.255549,563683703.304705,538747339.956033,830710615.179954,939228017.24779,1049838548.10919,1222702572.84699,1595422955.64433,1759691186.39993,1538972424.36635,1333754224.99949,1297765325.90273,1232932104.07276,1392196047.99695,1852163453.15326,2090629986.97643,2169040603.19394,2181821909.27892,2681912148.69842,2724131458.26216,2830673378.13006,2818281085.08646,2081846497.74648,2706425157.39397,2780422049.21204,2697105823.4661,2920358710.50646,3440724709.59258,2961484953.86444,3468337942.32063,3908121307.01957,4714071979.68835,5454249125.72966,6247515888.14533,6905934217.90901,8156468826.12645,9838403100.50554,10231962390.2119,10689168016.2613,12995112690.2596,12442035339.1049,13242690786.0938,14364937124.0727,13104764378.326,14026048335.7047,15365713048.1993,17070867589.9055,17280250810.0321,17465392764.3706,19309463508.0377,18827176529.6983
Mozambique,MOZ,GDP (current US$),NY.GDP.MKTP.CD,,,,,,,,,,,,,,,,,,,,,,,,,,,,,,,,3854856434.58062,2798696511.18156,2883161897.42651,2958108170.32061,3061646173.73938,4030146134.5706,4873663774.93019,5551118148.73836,6285219691.22462,5930685214.61595,5650154067.10346,5950769426.60213,6583526860.58062,7937255565.35765,8868504899.94673,9509835536.93373,10811456005.9405,12920340964.6544,12263894790.0125,11411894723.864,14619279988.716,16688114144.0745,17198073057.1981,17978246586.0662,16208985769.615,12069051237.1711,13264640645.7768,15017358750.6113,15512759174.573,14235420505.2904,16168056388.9101,18406835954.6695
Mauritania,MRT,GDP (current US$),NY.GDP.MKTP.CD,,159213430.245265,164271557.562086,168186297.204107,224495743.784017,255340475.018083,266533605.165576,282615310.216284,311395937.241935,295062308.493948,309405316.058687,335568907.088021,391669449.251139,493237876.295464,613010552.478717,703377837.452223,775045516.850002,799030017.145209,804629876.761441,951900945.208912,1047925105.58853,1105494681.67335,1108776652.78389,1165171263.38241,1074373230.28438,1009723326.31511,1186628778.51429,1344664724.66283,1414951290.06682,1450647019.18099,1506914407.82047,2133692696.74857,2164298425.48412,1847353211.3475,1944876755.00708,2091726101.43014,2132087009.28942,2071996564.05296,2032347664.94993,1985922775.53351,1779520886.47015,1746063557.61355,1777057481.26043,2051147606.73687,2362501023.24249,2936019525.60241,3919577285.92703,4346212355.02975,5206437193.80413,4714595547.75102,5628878797.98257,6764627745.9033,6728208836.22143,7223071097.08417,6592537781.81518,6166863896.68677,6398747592.13185,6800135898.28827,7473550557.07378,7894764885.82312,8260752385.23089,9222536364.01272,9780863578.97688
Mauritius,MUS,GDP (current US$),NY.GDP.MKTP.CD,,,,,,,,,,,,,,,,,704030891.151346,823633467.669435,1015369263.90596,1211139695.13521,1131789369.7949,1142388185.49725,1078403870.29722,1090276947.25872,1040554601.10999,1076122279.04023,1462904818.06588,1880850431.39124,2134513096.5249,2181934976.44915,2653485892.62519,2856889220.42679,3224265890.42568,3263363787.16599,3558143578.02377,4040341982.72124,4421952040.85209,4187375953.6973,4169672974.84855,4343708953.07389,4663321081.4445,4613637274.93505,4841310239.63687,5816559038.54545,6578840418.9215,6488743193.07147,7028810680.89077,8150150209.22501,9990356673.73497,9128843109.15588,10003670690.3497,11518413429.9684,11668696396.7887,12292974141.4044,13074129952.0532,12007291045.6489,12594155464.4136,13713506130.6081,14735695930.9727,14436346979.6355,11408106446.3144,11484357947.9086,12948726653.811
Malawi,MWI,GDP (current US$),NY.GDP.MKTP.CD,,,,,,,,,,,,,,,,,,,,,1801156774.70849,1801193909.52395,1717379494.52696,1780148049.67776,1758028656.12382,1646442272.93986,1722586299.36475,1721711808.50763,2008189508.2731,2314205129.49285,2737087861.60887,3206783830.41779,2618837835.02508,3013392657.99911,1719864761.30628,2033701497.97085,3319573749.6119,3875785863.38323,2547609590.06984,2584478924.06081,2537307580.32808,2498008664.6691,5087328437.8737,4669789300.35662,5058726350.48896,5320409651.47544,5818279739.14354,6451210219.11683,7743617352.21427,9009887946.82039,10128323010.6049,11648142958.3651,8773203178.16512,8031571927.62055,8801326169.14547,9219474379.31534,7909868618.46366,8943543677.18899,9880675785.93057,11025371147.1876,12056108778.3125,12602334121.6286,13164667626.9363
Namibia,NAM,GDP (current US$),NY.GDP.MKTP.CD,,,,,,,,,,,,,,,,,,,,,2421990337.99243,2249908577.80325,2118710248.23727,2297400687.55049,1951260037.80985,1608237350.39878,1809048527.15411,2300068217.01809,2495094746.44024,2535135797.58392,2789921853.37652,2996869281.48364,3429521699.4026,3251188833.14533,3666503529.62911,3978514206.31168,3989163196.56767,4154989950.00393,3873109865.55683,3868551730.39163,3922232164.83175,3557341215.15159,3349169826.38896,4926439383.51425,6609205994.77406,7248374837.72056,8001779551.06323,8839536475.99963,8607431497.49471,8938847189.07592,11431412421.1316,12523359440.5499,13042053591.6857,12043307277.1235,12435430969.6301,11335161083.5061,10722018732.0936,12895153160.466,13682018827.0434,12541928102.7657,10583748541.5258,12446290854.8973,12914932655.685
Niger,NER,GDP (current US$),NY.GDP.MKTP.CD,449526873.29589,485785230.978987,531736599.250464,586294878.744643,582816396.404409,673383510.812866,702296078.593173,665586872.274446,641214226.209493,625867985.273798,649916621.242978,693573703.630273,742779660.818693,946385105.193732,1026137110.89309,1048690933.21027,1064517601.29025,1291458041.46193,1774365589.70815,2109277665.69912,2508524720.71895,2170893414.3888,2017612215.97935,1803099561.20046,1461243326.12882,1440581652.39853,1904096998.30009,2233006104.92776,2280356192.76273,2179567114.33391,3512356507.88599,3285796874.97125,3386232579.22522,3052673849.25181,1938058175.21399,2302537562.24406,2405686940.0464,2290318910.20658,2643363518.99272,2537789820.69295,2241753192.81158,2448714703.96617,2782192878.67204,3394084732.49543,3760443737.53797,4383315964.58718,4756361252.37923,5731485051.79069,7297600226.00536,7352131309.73341,7851192502.30917,8772950777.79176,9426912647.59111,10224897437.8648,10862943543.5419,9683867926.44282,10398861981.7583,11185104251.6785,12837307496.8797,12889555561.304,13744653102.9945,14915002435.9913,15342278919.4009
Nigeria,NGA,GDP (current US$),NY.GDP.MKTP.CD,4196174501.5302,4467287893.08484,4909399176.24033,5165590253.7639,5552931318.82747,5874537650.18494,6366917453.23302,5203237918.70483,5200997919.60083,6634317346.27306,12546094981.562,9181769911.50443,12274416017.7976,15162871287.1287,24846641318.1242,27778934624.6973,36308883248.731,36035407725.3219,36527862208.7133,47259911894.2731,64201788122.6054,164475209515.939,142769363314.176,97094911792.0489,73484359521.4887,73745821158.2254,54805852580.9129,52676041931.1087,49648470440.4593,44003061108.4005,54035795387.8086,59526833412.3581,52058181853.8055,56721051402.4732,80399613063.6364,140919776986.364,185730236700,200850397618.182,218416200672.727,59145077039.1437,69171451627.2465,73557840064.489,95054059302.6995,104738954264.226,135764731645.611,175670569969.346,238454997161.48,278260846800.103,339476276257.793,295008835380.997,366990417129.04,414466676831.16,463971018239.281,520117180313.906,574183763411.508,493026682800.63,404649125252.16,375745731053.427,421739251509.08,474517491092.913,432198898221.967,440838992188.478,472624597402.898
Rwanda,RWA,GDP (current US$),NY.GDP.MKTP.CD,119000024,122000016,125000008,128000000,129999994,148799980,124525702.857143,159560018,172200018,188700037,219900006,222952504.40607,246457838.336681,290746157.145921,308458423.183854,571863500.248658,637753853.12552,746650613.034794,905709076.42303,1109346130.95265,1254765641.52116,1407062526.91521,1407243139.2545,1479687586.94292,1587413083.9206,1715626330.59472,1944710683.87148,2157432667.61598,2395492686.78165,2405022593.05165,2550185679.08109,1911600236.67461,2029026961.55894,1971525711.83511,753636370.454545,1293535193.49248,1382334879.40812,1851558197.31088,1989343546.17594,2157240525.97173,2068955252.83541,1966719933.25386,1966111528.56793,2138354521.02184,2376642785.76983,2933999088.59914,3319974269.10464,4070746222.26691,5180228095.99803,5674899033.27806,6125216482.26839,6885492660.83242,7655465589.74669,7820741499.0814,8239766320.0954,8544621756.79813,8696069807.42495,9252834120.39358,9636254325.02444,10346326599.029,10172303393.0612,11054517345.7109,13311487445.0686
Sudan,SDN,GDP (current US$),NY.GDP.MKTP.CD,1127011494.25287,1223563218.3908,1329022988.50575,1352011494.25287,1389080459.77011,1447701149.42529,1485344827.58621,1608333333.33333,1678735632.18391,1848563218.3908,2101436781.6092,2289655172.41379,2484482758.62069,3079022988.50575,3961206896.55172,4825862068.96552,6016666666.66667,7503448275.86207,8138461538.46154,8421678321.67832,8951800000,10751162790.6977,8735294117.64706,8230153846.15385,10447615384.6154,8075347222.22222,10092200000,12093333333.3333,14372555555.5556,21408111111.1111,33641222222.2222,44168918918.9189,7031909434.27211,8881005435.80602,12793794737.042,13830363899.9163,9018300724.66086,11681175864.3383,11250221536.7484,10682028339.6898,12257299147.2936,15716361792.1926,18137128388.3606,21355298459.5955,26646007250.7319,35182711987.974,45263831634.1497,59440139774.8128,64833083257.1431,58315355287.1065,74151154444.4256,78402830324.5307,63196242385.161,66027141578.0612,76818769321.3038,84984666745.108,102943509633.573,129718581297.431,32333780383.2924,32338079165.2893,27034593750,34229513773.9708,51662241775.0629
Senegal,SEN,GDP (current US$),NY.GDP.MKTP.CD,1003692370.46869,1058975256.97025,1085475790.59112,1122139861.67805,1188930645.34423,1210058228.17112,1246908185.96343,1246480765.97984,1309384861.92219,1245234931.43233,1297407654.92832,1339549032.83782,1620857103.53492,1863398590.4556,2099325228.95651,2830388404.8977,2869777884.45166,2938046462.7098,3280354920.8516,4084877822.91679,4510108290.69571,4095892780.58289,4013951442.67081,3569356124.93159,3485165431.71354,3818944917.56713,5392093445.51053,6487353102.81483,6418419388.63499,6366039372.53683,7390967360.42121,7255210469.51743,7769817839.95644,7367986241.21869,5034588195.55806,6326342633.4034,6559712165.96508,6041478725.90443,6505607909.05324,6592834932.80876,6013185003.97525,6507824829.26254,7006402319.75856,8768721563.18211,10076816666.6196,11009033437.939,11697918243.0035,13994218412.9619,16853989627.548,16145867494.9405,16121315909.0758,17814283639.3119,17660870411.5235,18918667724.8817,19797253440.2679,17774766696.1759,19040312333.1864,20996562943.5979,23116701556.1381,23403995992.1354,24530513037.7518,27569136729.9023,27684264748.2324
Sierra Leone,SLE,GDP (current US$),NY.GDP.MKTP.CD,322151470.588235,327979248.366013,342872712.418301,348700653.594771,372012091.503268,359523809.523809,375630252.10084,348895027.624309,329991956.782713,408853541.416567,434584033.613445,419495908.543923,465254431.96005,575471323.529412,648940350.877193,679352433.628319,594810152.740341,692079581.151832,960765042.979943,1109343235.57237,1100476190.47619,1114926660.91458,1294995964.48749,995278514.588859,1087450199.20319,856890498.625834,490181456.62441,660106321.417031,1055083945.37738,932974411.917142,649644097.566129,780098205.215036,679997997.597116,768812334.801762,911915970.683484,870758739.40678,941742152.709895,850218033.622007,672375927.347148,669384768.87263,635874002.198748,1074851475.17873,1236235826.58409,1369685676.56203,1430217080.66487,1627058424.93809,1862116290.541,2126679543.58623,2451896435.20157,2419014960.19967,2578159803.94597,2932274309.3957,3789251613.36066,4920343316.87093,5015180725.3416,4252029353.82191,3862721266.02162,3719443418.26155,4085114387.55605,4076578698.79107,4062906265.7332,4249234704.01866,4094563859.43556
Somalia,SOM,GDP (current US$),NY.GDP.MKTP.CD,180459936.776025,191659914.376034,203531927.547229,216145935.941626,229529912.668035,243725898.029641,257375897.049641,271781886.807245,286719885.312046,306357284.571429,322600009.142857,331104692.982788,416940943.607743,507028428.241662,467577432.247816,710850226.528991,807275808.737093,498550873.043478,564986059.668508,590419855.11811,603592656.822209,699112266.835764,774419569.699066,733901365.935354,788307213.438235,876404617.656501,930318705.301335,1009792724.42175,1038291284.49695,1092392963.1951,917044228.00846,,,,,,,,,,,,,,,,,,,,,,,5836021227.47436,6537360532.64205,6984947145.09369,7390796616.53029,8252394373.29875,8278212314.40591,9420431258.24667,9204140383.17507,9838711529.45863,10419541202.0382
Sub-Saharan Africa (excluding high income),SSA,GDP (current US$),NY.GDP.MKTP.CD,28338509354.6587,29950396734.9893,31892681911.7714,34281348388.6986,37435388432.0454,40683899240.0768,43678711712.2794,44666366525.0522,47529437277.1026,53638240890.6274,64245417754.4936,64767693274.2758,72947119235.0998,94275716980.691,121733412124.378,134494154752.449,146750388504.493,158893041195.255,175471440975.691,213164874756.724,276325340135.766,390468626459.161,355971229197.901,314334867430.139,277134246684.605,252890722776.71,260909789945.23,296173386016.444,313336374338.963,318752375934.179,374665734140.112,401439557598.473,361239878837.312,364820812463.728,372802514500.485,475466250941.704,529844900806.945,557958507069.303,562093735438.763,399139573356.306,423531573174.739,406145603661.459,442399893749.21,557385894755.261,692384638338.301,822442487820.254,972563275184.176,1127592644328.53,1278564556276.8,1230821778771.71,1464233844343.53,1652336104570.58,1716354359034.49,1819115027569,1900109908307.29,1700385238946.74,1580707404805.94,1712494807453.79,1779091569617.59,1827951489811.35,1714659156400.95,1930171554030.08,2058942959164.7
South Sudan,SSD,GDP (current US$),NY.GDP.MKTP.CD,,,,,,,,,,,,,,,,,,,,,,,,,,,,,,,,,,,,,,,,,,,,,,,,,14586253383.0632,12231264525.0671,14602072410.9506,14907308932.7534,11931472169.4915,18426469016.9492,13962212847.4576,11997800760.2242,,,,,,,
Sub-Saharan Africa,SSF,GDP (current US$),NY.GDP.MKTP.CD,28349301535.4105,29960492453.1966,31903784357.6415,34293676625.1121,37449073939.0523,40697444106.313,43692889579.2902,44680649549.8068,47542735722.5745,53651273745.3,64259538042.4211,64785881864.699,72974503608.3912,94307943279.1528,121769757991.542,134534482395.373,146791026073.071,158950017998.32,175550980777.321,213288626348.167,276476243432.998,390617525066.638,356115618026.284,314481204807.47,277288747255.652,253066172258.706,261128395601.959,296436322863.111,313636871092.512,319075632306.872,375056911242.162,401835601959.637,361703838925.339,365328274669.429,373323426402.362,476009200002.753,530381466553.707,558559464614.684,562743780314.644,399807853242.212,424190717152.982,406812918059.95,443148058332.92,558141609069.782,693283108166.62,823425641880.833,973649819318.576,1128673253084.49,1279544309271.44,1231672697171.96,1465215490467.22,1653394890750.09,1717443724523.61,1820439942754.1,1901497484757.43,1701776666914.07,1582166358879.25,1714024580927.1,1780679619928.75,1829596580378.4,1715842671714.98,1931458241338.34,2060531397309.08
Eswatini,SWZ,GDP (current US$),NY.GDP.MKTP.CD,35076845.9692616,43026042.7895829,45927961.6288154,54129438.3482247,64980554.0077784,70279971.8880112,76859969.2560123,74759970.096012,79799968.0800128,105419957.832017,112139955.144018,136462080.739132,146736479.235097,221915127.550763,264320940.959002,288299788.508035,272550068.137517,304060076.015019,340630085.157521,412093133.760988,541976852.577057,570774824.830585,537568059.413381,555336145.767884,494483408.878468,360079419.385958,449140318.385038,584126092.258819,692026454.737872,696921542.378265,1114694040.66987,1156135717.94598,1284759927.54594,1357189551.68431,1419294254.4183,1698989463.99106,1602741833.70552,1716714070.12471,1576908856.34674,1547888495.98428,1738093840.36607,1542477308.89408,1432221739.12342,2197598466.25447,2770082791.50412,3178112498.67911,3291330019.17287,3469381231.49049,3294084314.15058,3580428052.81393,4438765085.93784,4820478680.18375,4886551483.93374,4597552981.56738,4422986271.74767,4063245671.29285,3816019193.16561,4402969225.92165,4666598024.18411,4466214591.14854,3982236692.55236,4850842571.59151,4790922065.6101
Seychelles,SYC,GDP (current US$),NY.GDP.MKTP.CD,12012024.6246505,11592023.7636487,12642025.9161531,13923028.5422085,15393031.5557147,15603031.9862156,16443033.7082191,16632032.1339974,16074027.6473276,16452028.2974887,18432031.7030945,21965950.7711142,30645122.9204727,36896280.4764104,43134496.1645367,47803145.9480985,49278981.7550701,64526401.4638544,85552365.8005137,127261099.223864,156783829.540281,163750728.211341,157211789.70543,156098236.95757,160992921.001345,179691482.681002,221147061.34835,265212956.902919,301985618.111561,324333366.456377,392163560.879912,398307169.860405,461409398.855893,504230620.551871,517570058.151034,540733047.733048,535250347.089479,598966982.350186,647287375.762528,662838614.880674,654212394.27164,662064155.920692,742134837.50919,750847230.099263,893012218.181818,977899381.818182,1081441283.31798,1077308813.82945,979597394.293453,851064347.087496,981917973.654922,1059249931.66967,1089880685.4713,1324915185.0959,1387576450.14334,1391427967.33495,1458954073.30681,1529773473.31153,1588050311.16454,1645090567.04612,1183515314.03478,1286687308.25807,1588438144.37685
Chad,TCD,GDP (current US$),NY.GDP.MKTP.CD,313582728.147574,333975336.110722,357635713.41932,371767002.194886,392247517.728482,416926303.316872,432794921.680489,449826322.613453,453980096.208711,471635621.561599,469266736.650677,501866730.148987,585427546.798272,647199482.982537,652532795.084805,864602104.679653,866044962.016274,935360464.701341,1113920123.76723,1004316496.35051,1033002403.85304,876937558.273757,834369859.663018,832415806.010064,919103734.876996,1033069709.3319,1067828245.86207,1163426852.20442,1482597297.98821,1433686312.02914,1738605557.76313,1877137981.75712,1881847669.69794,1463251163.9188,1179837963.22213,1445919894.57661,1607345355.78298,1544689576.92712,1744794531.21401,1534673583.2487,1388506771.58756,1710843377.00119,1997005708.81576,2742815071.5744,4422855660.82592,6649307523.64377,7428701453.91509,8650137743.32547,10393833765.3651,9290728318.98821,10668103554.1192,12172308851.0395,12367362757.1342,12953534866.4286,13940767218.5849,10950392256.9543,10097778098.1707,10000394381.0177,11239167898.3395,11314951091.7283,10715396042.3343,11779981332.8631,12704149840.2283
Togo,TGO,GDP (current US$),NY.GDP.MKTP.CD,121128072.620015,126396468.676344,132237468.076856,143255813.159996,166104078.476452,187300310.379132,216136231.361648,231706439.672193,241956916.522192,267732473.155718,253976592.168706,286537569.73638,335677600.932218,406479937.162316,560437817.101245,617321669.390877,619375149.732898,777435061.613376,824263987.649158,891775722.173339,1136409056.23831,962347167.444028,821652036.244119,765746518.275378,718149015.490703,762359785.487147,1060911723.00661,1249099287.95951,1378847399.45348,1352949666.99283,1628427587.19133,1602299811.80645,1692959103.78425,1233496937.81395,982624331.585265,1309382817.12622,1465448204.40008,1498950970.99596,1587346018.24022,1576672666.13034,1491891156.27182,1482437766.22601,1706698033.01876,2115836258.25578,2259992505.14896,2281483015.5667,2351584495.8792,3759962853.26476,4578847112.70688,4721888275.26937,4746386893.22553,5422439152.10906,5413541649.14901,6021729629.82454,6393314707.85456,5755457836.01866,6071167584.1951,6387424239.8801,7029215766.46367,6992654019.28876,7486031561.86885,8443112143.23844,8341225241.45693
Sub-Saharan Africa (IDA & IBRD countries),TSS,GDP (current US$),NY.GDP.MKTP.CD,28349301535.4105,29960492453.1967,31903784357.6415,34293676625.1121,37449073939.0523,40697444106.313,43692889579.2903,44680649549.8068,47542735722.5745,53651273745.3,64259538042.4211,64785881864.699,72974503608.3912,94307943279.1528,121769757991.543,134534482395.373,146791026073.071,158950017998.32,175550980777.321,213288626348.167,276476243432.998,390617525066.638,356115618026.284,314481204807.47,277288747255.652,253066172258.706,261128395601.959,296436322863.111,313636871092.512,319075632306.872,375056911242.162,401835601959.637,361703838925.34,365328274669.429,373323426402.362,476009200002.753,530381466553.707,558559464614.684,562743780314.643,399807853242.212,424190717152.982,406812918059.95,443148058332.92,558141609069.783,693283108166.621,823425641880.834,973649819318.576,1128673253084.49,1279544309271.44,1231672697171.96,1465215490467.22,1653394890750.09,1717443724523.61,1820439942754.1,1901497484757.43,1701776666914.07,1582166358879.25,1714024580927.1,1780679619928.75,1829596580378.4,1715842671714.98,1931458241338.34,2060531397309.08
Tunisia,TUN,GDP (current US$),NY.GDP.MKTP.CD,,,,,,991047619.047619,1040952380.95238,1085714285.71429,1214666666.66667,1289904761.90476,1439238095.2381,1685162272.40652,2237556148.51085,2730813385.32624,3545868575.14639,4328965587.53266,4508191942.16081,5109324009.32401,5968460080.1113,7188863903.63675,8744134354.16152,8428445294.08429,8133580051.70251,8350582747.83541,8254541194.82566,8410226052.6114,9017806654.4169,9696715910.70907,10096245762.4352,10101851744.5627,12290568181.8182,13074782608.6957,15496708060.4184,14608335608.1543,15633174304.0905,18030876599.3444,19587161806.7655,20746210353.845,21802893587.126,22943202174.9668,21473528160.7782,22065832448.8623,23141616604.5242,27453902261.4629,31183885241.4396,32272186694.8043,34376664600.5898,38915353866.757,44859439902.2191,43455740497.3061,46206091937.9628,48123325825.0739,47311401812.6733,48685446413.953,50271812920.612,45779494041.9295,44360072680.4476,42163530590.9462,42686580020.8322,41905540184.424,42538289933.2162,46687293140.3377,46303552449.3542
Tanzania,TZA,GDP (current US$),NY.GDP.MKTP.CD,,,,,,,,,,,,,,,,,,,,,,,,,,,,,5100405361.52178,4420167578.29993,4258742891.66014,4956587894.07981,4601413526.28306,4257702017.94111,4510847189.15431,5255221040.79085,6496195820.23633,7683852496.84499,12270448552.512,12708703446.6482,13376365874.8449,13568654924.4694,14134511339.163,15216719215.2206,16678796641.9005,18395383647.4975,18619859795.2852,21860434823.4808,27947821397.9272,29400573553.6075,32012892919.37,34657140096.4836,39650394362.9287,45648857242.315,49986726460.6805,47413919817.124,49774409374.4538,53274884532.7886,57003712892.0858,61026731925.9213,66068737786.0639,70655628147.8986,75732311666.039
Uganda,UGA,GDP (current US$),NY.GDP.MKTP.CD,423008385.744235,441524109.014675,449012578.616352,516147798.742138,589056603.773585,884502309.953801,925381492.370153,967240655.186896,1037379252.41495,1168556628.86742,1259554808.90382,1417191656.16688,1490970180.59639,1701829789.02127,2098944967.20844,2359555555.55556,2447300000,2936470588.23529,2420260869.56522,2139025000,1244610000,1337300000,2177500000,2240333333.33333,3615647477.05434,3519695443.52516,3923244049.95796,6269522042.11556,6508931651.66667,5276480799.33868,4304399310.30967,3321729159.62277,2857457761.90922,3220439044.18949,3990430446.71216,5755818842.49246,6044585326.938,6269333313.17108,6584815846.52754,5998563257.94659,6193246837.09687,5840503868.51573,6178563591.12051,6606884275.23087,7939487547.77384,9239221763.05793,9977647682.96954,11902564494.8833,14440404132.2047,25127805566.6584,26673441430.7857,27871725241.4723,27305915910.7877,28915786516.6123,32612397257.4458,32387183730.1002,29203988696.2626,30744473841.424,32927025619.6795,35348155095.4215,37605430214.3519,40510241365.8914,45567304608.4764
South Africa,ZAF,GDP (current US$),NY.GDP.MKTP.CD,8748596500.5614,9225996309.60148,9813996074.40157,10854195658.3217,11955995217.6019,13068994772.4021,14211394315.4423,15821393671.4425,17124793150.0827,19256992297.2031,21218391512.6434,23411076638.279,24515919216.8851,33262772008.1446,41389186094.5992,42906905672.42,41150460287.6151,45328411332.1028,51607412901.8532,63038658088.9121,89411864402.4272,93141472163.7596,85904057409.3585,96204110941.5672,84870163365.9306,64459376086.6883,73354771399.2627,96535763418.3729,103976831870.957,108055624081.806,126048140141.869,135203698237.977,146956150986.636,147194747565.75,153512712381.836,171735933897.331,163234925380.563,168978057327.73,152982984557.233,151516957078.536,151752757215.309,135429905922.526,129087556612.449,197018965308.697,255806908594.573,288867217196.534,303858675363.643,333077117253.684,316131258616.309,329754060647.129,417363822801.713,458199494830.834,434400545085.811,400886013595.573,381198869776.106,346709790458.563,323585509674.481,381448814654.62,405260723892.868,389330032221.07,338291396025.956,420117812463.841,405270850099.387
Zambia,ZMB,GDP (current US$),NY.GDP.MKTP.CD,713000000,696285714.285714,693142857.142857,718714285.714286,839428571.428571,1082857142.85714,1264285714.28571,1368000000,1605857142.85714,1965714285.71429,1825285714.28571,1687000000,1873249299.71989,2435736196.31902,2913063763.60809,2443545878.69362,2742796005.70613,2514430379.74684,2809862671.66042,3354854981.08449,3882889733.8403,4006206896.55172,3870075349.83854,3321048451.15171,2719801434.08715,2252197452.2293,1664509501.79764,2265364008.82446,3728889426.56666,3994585203.41682,3285217391.30435,3376791460.39604,3181921787.7095,3273505343.85539,3656806165.78848,3806983413.16416,3597220962.00017,4303288479.7086,3537741941.89367,3404284890.5306,3600632111.41414,4094441301.21423,4193850445.42632,4901869764.05957,6221110219.45542,8331870169.14977,12756858899.2812,14056957976.2648,17910858637.9048,15328342303.9575,20265559483.8548,23459515275.5776,25503060420.026,28037239462.7142,27141023558.0829,21251216798.7762,20958412538.3093,25873601260.8353,26311507273.6735,23308667781.2258,18110638269.2238,22096416933.7902,29163782138.3415
Zimbabwe,ZWE,GDP (current US$),NY.GDP.MKTP.CD,1052990400,1096646600,1117601600,1159511700,1217138000,1311435800,1281749500,1397002000,1479599900,1747998800,1884206300,2178716300,2677729400,3309353600,3982161400,4371300700,4318372000,4364382100,4351600500,5177459400,6678868200,8011373800,8539700700,7764067000,6352125900,5637259300,6217523700,6741215100,7814784100,8286322700,8783816700,8641481700,6751472200,6563813300,6890675000,7111270700,8553146600,8529571600,6401968200,6858013100,6689957600,6777384700,6342116400,5727591800,5805598400,5755215200,5443896500,5291950100,4415702800,9665793300,12041655200,14101920300,17114849900,19091020000,19495519600,19963120600,20548678100,17584890936.6523,34156069918.0609,21832234921.1762,21509698406.6618,28371238665.8646,27366627153.0852
